{
    "0": 0.1,
    "1": 0.29008803908979586,
    "2": 0.046245280820154784,
    "3": 0.0253173987072402,
    "4": 0.04502476964204874,
    "5": -0.25927691094128263,
    "6": 0.0715808467889114,
    "7": -0.01653331620915586,
    "8": -0.021972574030654758,
    "9": -0.16572358409487228,
    "10": 0.2023243057885559
}